/*ORDEN DE LAS INSERCIONES
-- 1. Usuarios
-- 2. Categorías
-- 3. Subcategorías
-- 4. Presupuestos
-- 5. Detalles Presupuesto
-- 6. Obligaciones
-- 7. Metas ahorro
-- 8. Transacciones */


-- 1. Insertar usuarios de prueba
INSERT INTO `usuarios` (`id_usuario`, `nombres`, `apellidos`, `correo_electronico`, `fecha_registro`, `salario_base`, `es_activo`, `creado_por`, `modificado_por`, `creado_en`, `modificado_en`) VALUES
(1, 'Carlos Eduardo', 'Martínez López', 'carlos.martinez@gmail.com', '2025-12-05', 45000, 1, 'system', 'system', '2025-12-05 15:38:16', '2025-12-05 15:38:16');

-- 2. Insertar categorías de prueba
INSERT INTO `categorias` (`id_categoria`, `nombre`, `descripcion`, `tipo_categoria`, `nombre_icono`, `color`, `orden_interfaz`, `creado_por`, `modificado_por`, `creado_en`, `modificado_en`) VALUES
(1, 'Salario', 'Ingreso por salario mensual', 'ingreso', 'salary', '#4CAF50', 1, 'Carlos Eduardo', 'Carlos Eduardo', '2025-12-05 15:38:32', '2025-12-05 15:38:32'),
(2, 'Ingresos Extra', 'Ingresos adicionales y bonos', 'ingreso', 'bonus', '#8BC34A', 2, 'Carlos Eduardo', 'Carlos Eduardo', '2025-12-05 15:38:32', '2025-12-05 15:38:32'),
(3, 'Ventas', 'Ingresos por ventas personales', 'ingreso', 'shopping', '#66BB6A', 3, 'Carlos Eduardo', 'Carlos Eduardo', '2025-12-05 15:38:32', '2025-12-05 15:38:32'),
(4, 'Inversiones', 'Rendimientos de inversiones', 'ingreso', 'invest', '#81C784', 4, 'Carlos Eduardo', 'Carlos Eduardo', '2025-12-05 15:38:32', '2025-12-05 15:38:32'),
(5, 'Vivienda', 'Alquiler y gastos del hogar', 'gasto', 'home', '#F44336', 5, 'Carlos Eduardo', 'Carlos Eduardo', '2025-12-05 15:38:32', '2025-12-05 15:38:32'),
(6, 'Servicios Básicos', 'Luz, agua, internet, teléfono', 'gasto', 'utilities', '#E91E63', 6, 'Carlos Eduardo', 'Carlos Eduardo', '2025-12-05 15:38:32', '2025-12-05 15:38:32'),
(7, 'Alimentación', 'Supermercado y comida', 'gasto', 'food', '#9C27B0', 7, 'Carlos Eduardo', 'Carlos Eduardo', '2025-12-05 15:38:32', '2025-12-05 15:38:32'),
(8, 'Transporte', 'Combustible y transporte público', 'gasto', 'transport', '#673AB7', 8, 'Carlos Eduardo', 'Carlos Eduardo', '2025-12-05 15:38:32', '2025-12-05 15:38:32'),
(9, 'Salud', 'Medicinas y consultas médicas', 'gasto', 'health', '#3F51B5', 9, 'Carlos Eduardo', 'Carlos Eduardo', '2025-12-05 15:38:32', '2025-12-05 15:38:32'),
(10, 'Educación', 'Estudios y materiales educativos', 'gasto', 'education', '#2196F3', 10, 'Carlos Eduardo', 'Carlos Eduardo', '2025-12-05 15:38:32', '2025-12-05 15:38:32'),
(11, 'Entretenimiento', 'Ocio y diversión', 'gasto', 'fun', '#03A9F4', 11, 'Carlos Eduardo', 'Carlos Eduardo', '2025-12-05 15:38:32', '2025-12-05 15:38:32'),
(12, 'Ropa y Calzado', 'Vestuario y accesorios', 'gasto', 'clothes', '#00BCD4', 12, 'Carlos Eduardo', 'Carlos Eduardo', '2025-12-05 15:38:32', '2025-12-05 15:38:32'),
(13, 'Préstamos', 'Pagos de préstamos y créditos', 'gasto', 'loan', '#009688', 13, 'Carlos Eduardo', 'Carlos Eduardo', '2025-12-05 15:38:32', '2025-12-05 15:38:32'),
(14, 'Seguros', 'Seguros varios', 'gasto', 'insurance', '#795548', 14, 'Carlos Eduardo', 'Carlos Eduardo', '2025-12-05 15:38:32', '2025-12-05 15:38:32'),
(15, 'Mantenimiento', 'Reparaciones y mantenimiento', 'gasto', 'repair', '#607D8B', 15, 'Carlos Eduardo', 'Carlos Eduardo', '2025-12-05 15:38:32', '2025-12-05 15:38:32'),
(16, 'Imprevistos', 'Gastos no planificados', 'gasto', 'emergency', '#FF5722', 16, 'Carlos Eduardo', 'Carlos Eduardo', '2025-12-05 15:38:32', '2025-12-05 15:38:32'),
(17, 'Ahorro Emergencia', 'Fondo de emergencias', 'ahorro', 'emergency_fund', '#FFC107', 17, 'Carlos Eduardo', 'Carlos Eduardo', '2025-12-05 15:38:32', '2025-12-05 15:38:32'),
(18, 'Ahorro Metas', 'Ahorro para metas específicas', 'ahorro', 'goal', '#FF9800', 18, 'Carlos Eduardo', 'Carlos Eduardo', '2025-12-05 15:38:32', '2025-12-05 15:38:32'),
(19, 'Inversión', 'Ahorro para inversiones', 'ahorro', 'invest_save', '#FF6F00', 19, 'Carlos Eduardo', 'Carlos Eduardo', '2025-12-05 15:38:32', '2025-12-05 15:38:32');

-- 3. Insertar subcategorías de prueba
INSERT INTO `subcategorias` (`id_subcategoria`, `id_categoria`, `nombre`, `descripcion`, `es_activo`, `es_predeterminado`, `creado_por`, `modificado_por`, `creado_en`, `modificado_en`) VALUES
(20, 1, 'Horas Extra', 'Pago por horas extras', 1, 0, 'Carlos Eduardo', 'Carlos Eduardo', '2025-12-05 15:38:58', '2025-12-05 15:38:58'),
(21, 2, 'Bonificaciones', 'Bonos y premios', 1, 0, 'Carlos Eduardo', 'Carlos Eduardo', '2025-12-05 15:38:58', '2025-12-05 15:38:58'),
(22, 2, 'Aguinaldo', 'Aguinaldo anual', 1, 0, 'Carlos Eduardo', 'Carlos Eduardo', '2025-12-05 15:38:58', '2025-12-05 15:38:58'),
(23, 3, 'Ventas Online', 'Ventas por internet', 1, 0, 'Carlos Eduardo', 'Carlos Eduardo', '2025-12-05 15:38:58', '2025-12-05 15:38:58'),
(24, 5, 'Mantenimiento Hogar', 'Reparaciones del hogar', 1, 0, 'Carlos Eduardo', 'Carlos Eduardo', '2025-12-05 15:38:58', '2025-12-05 15:38:58'),
(25, 5, 'Artículos Hogar', 'Productos para el hogar', 1, 0, 'Carlos Eduardo', 'Carlos Eduardo', '2025-12-05 15:38:58', '2025-12-05 15:38:58'),
(26, 6, 'Cable TV', 'Televisión por cable', 1, 0, 'Carlos Eduardo', 'Carlos Eduardo', '2025-12-05 15:38:58', '2025-12-05 15:38:58'),
(27, 7, 'Restaurantes', 'Comidas fuera de casa', 1, 0, 'Carlos Eduardo', 'Carlos Eduardo', '2025-12-05 15:38:58', '2025-12-05 15:38:58'),
(28, 7, 'Comida Rápida', 'Fast food', 1, 0, 'Carlos Eduardo', 'Carlos Eduardo', '2025-12-05 15:38:58', '2025-12-05 15:38:58'),
(29, 8, 'Transporte Público', 'Buses y taxis', 1, 0, 'Carlos Eduardo', 'Carlos Eduardo', '2025-12-05 15:38:58', '2025-12-05 15:38:58'),
(30, 8, 'Mantenimiento Vehículo', 'Reparaciones del vehículo', 1, 0, 'Carlos Eduardo', 'Carlos Eduardo', '2025-12-05 15:38:58', '2025-12-05 15:38:58'),
(31, 8, 'Estacionamiento', 'Parqueo', 1, 0, 'Carlos Eduardo', 'Carlos Eduardo', '2025-12-05 15:38:58', '2025-12-05 15:38:58'),
(32, 9, 'Consultas Médicas', 'Visitas al doctor', 1, 0, 'Carlos Eduardo', 'Carlos Eduardo', '2025-12-05 15:38:58', '2025-12-05 15:38:58'),
(33, 9, 'Exámenes', 'Laboratorios y estudios', 1, 0, 'Carlos Eduardo', 'Carlos Eduardo', '2025-12-05 15:38:58', '2025-12-05 15:38:58'),
(34, 10, 'Colegiatura', 'Pago de estudios', 1, 0, 'Carlos Eduardo', 'Carlos Eduardo', '2025-12-05 15:38:58', '2025-12-05 15:38:58'),
(35, 10, 'Útiles Escolares', 'Material educativo', 1, 0, 'Carlos Eduardo', 'Carlos Eduardo', '2025-12-05 15:38:58', '2025-12-05 15:38:58'),
(36, 11, 'Cine', 'Películas y entretenimiento', 1, 0, 'Carlos Eduardo', 'Carlos Eduardo', '2025-12-05 15:38:58', '2025-12-05 15:38:58'),
(37, 11, 'Streaming', 'Netflix, Spotify, etc', 1, 0, 'Carlos Eduardo', 'Carlos Eduardo', '2025-12-05 15:38:58', '2025-12-05 15:38:58'),
(38, 11, 'Deportes', 'Gimnasio y actividades deportivas', 1, 0, 'Carlos Eduardo', 'Carlos Eduardo', '2025-12-05 15:38:58', '2025-12-05 15:38:58'),
(39, 12, 'Ropa', 'Compra de ropa', 1, 0, 'Carlos Eduardo', 'Carlos Eduardo', '2025-12-05 15:38:58', '2025-12-05 15:38:58'),
(40, 12, 'Calzado', 'Compra de zapatos', 1, 0, 'Carlos Eduardo', 'Carlos Eduardo', '2025-12-05 15:38:58', '2025-12-05 15:38:58'),
(41, 13, 'Tarjeta Crédito', 'Pago de tarjeta de crédito', 1, 0, 'Carlos Eduardo', 'Carlos Eduardo', '2025-12-05 15:38:58', '2025-12-05 15:38:58'),
(42, 14, 'Seguro Médico', 'Seguro de salud', 1, 0, 'Carlos Eduardo', 'Carlos Eduardo', '2025-12-05 15:38:58', '2025-12-05 15:38:58'),
(43, 18, 'Ahorro Viaje', 'Ahorro para viajes', 1, 0, 'Carlos Eduardo', 'Carlos Eduardo', '2025-12-05 15:38:58', '2025-12-05 15:38:58'),
(44, 18, 'Ahorro Auto', 'Ahorro para compra de vehículo', 1, 0, 'Carlos Eduardo', 'Carlos Eduardo', '2025-12-05 15:38:58', '2025-12-05 15:38:58'),
(45, 18, 'Ahorro Casa', 'Ahorro para compra de casa', 1, 0, 'Carlos Eduardo', 'Carlos Eduardo', '2025-12-05 15:38:58', '2025-12-05 15:38:58');

-- 4. Insertar presupuestos de prueba
INSERT INTO `presupuestos` (`id_presupuesto`, `id_usuario`, `nombre_presupuesto`, `descripcion`, `anio_incio`, `mes_inicio`, `anio_final`, `mes_final`, `total_ingresos`, `total_gastos`, `total_ahorros`, `fecha_creacion`, `estado`, `creado_por`, `modificado_por`, `creado_en`, `modificado_en`) VALUES
(1, 1, 'Presupuesto Diciembre 2024', 'Presupuesto mensual para diciembre 2024 con gastos navideños', 2024, 12, 2024, 12, 48500, 42000, 4000, '2025-12-05', 'activo', 'Carlos Eduardo', 'Carlos Eduardo', '2025-12-05 15:39:08', '2025-12-05 15:39:08'),
(2, 1, 'Presupuesto Enero 2025', 'Presupuesto mensual para enero 2025 - inicio de año', 2025, 1, 2025, 1, 45000, 38000, 5000, '2025-12-05', 'activo', 'Carlos Eduardo', 'Carlos Eduardo', '2025-12-05 15:39:08', '2025-12-05 15:39:08');

-- 5. Insertar detalles de presupuesto de prueba
INSERT INTO `detalles_presupuesto` (`id_detalle`, `monto_asignado`, `justificacion`, `id_subcategoria`, `id_presupuesto`, `creado_por`, `modificado_por`, `creado_en`, `modificado_en`) VALUES
(1, 45000, 'Salario mensual base', 1, 2, 'Carlos Eduardo', 'Carlos Eduardo', '2025-12-05 15:39:53', '2025-12-05 15:39:53'),
(2, 3500, 'Bono navideño', 21, 2, 'Carlos Eduardo', 'Carlos Eduardo', '2025-12-05 15:39:53', '2025-12-05 15:39:53'),
(3, 8000, 'Alquiler mensual', 5, 2, 'Carlos Eduardo', 'Carlos Eduardo', '2025-12-05 15:39:53', '2025-12-05 15:39:53'),
(4, 1200, 'Artículos de limpieza y hogar', 25, 2, 'Carlos Eduardo', 'Carlos Eduardo', '2025-12-05 15:39:53', '2025-12-05 15:39:53'),
(5, 1200, 'Factura ENEE', 6, 2, 'Carlos Eduardo', 'Carlos Eduardo', '2025-12-05 15:39:53', '2025-12-05 15:39:53'),
(6, 400, 'Factura SANAA', 6, 2, 'Carlos Eduardo', 'Carlos Eduardo', '2025-12-05 15:39:53', '2025-12-05 15:39:53'),
(7, 600, 'Plan internet hogar', 6, 2, 'Carlos Eduardo', 'Carlos Eduardo', '2025-12-05 15:39:53', '2025-12-05 15:39:53'),
(8, 350, 'Plan móvil', 6, 2, 'Carlos Eduardo', 'Carlos Eduardo', '2025-12-05 15:39:53', '2025-12-05 15:39:53'),
(9, 450, 'Televisión por cable', 26, 2, 'Carlos Eduardo', 'Carlos Eduardo', '2025-12-05 15:39:53', '2025-12-05 15:39:53'),
(10, 8000, 'Compras mensuales', 7, 2, 'Carlos Eduardo', 'Carlos Eduardo', '2025-12-05 15:39:53', '2025-12-05 15:39:53'),
(11, 2500, 'Comidas fuera de casa', 27, 2, 'Carlos Eduardo', 'Carlos Eduardo', '2025-12-05 15:39:53', '2025-12-05 15:39:53'),
(12, 1000, 'Fast food ocasional', 28, 2, 'Carlos Eduardo', 'Carlos Eduardo', '2025-12-05 15:39:53', '2025-12-05 15:39:53'),
(13, 3000, 'Gasolina mensual', 8, 2, 'Carlos Eduardo', 'Carlos Eduardo', '2025-12-05 15:39:53', '2025-12-05 15:39:53'),
(14, 500, 'Buses y taxis', 29, 2, 'Carlos Eduardo', 'Carlos Eduardo', '2025-12-05 15:39:53', '2025-12-05 15:39:53'),
(15, 1500, 'Mantenimiento preventivo', 30, 2, 'Carlos Eduardo', 'Carlos Eduardo', '2025-12-05 15:39:53', '2025-12-05 15:39:53'),
(16, 300, 'Parqueos', 31, 2, 'Carlos Eduardo', 'Carlos Eduardo', '2025-12-05 15:39:53', '2025-12-05 15:39:53'),
(17, 800, 'Medicamentos básicos', 9, 2, 'Carlos Eduardo', 'Carlos Eduardo', '2025-12-05 15:39:53', '2025-12-05 15:39:53'),
(18, 600, 'Revisión médica', 32, 2, 'Carlos Eduardo', 'Carlos Eduardo', '2025-12-05 15:39:53', '2025-12-05 15:39:53'),
(19, 1500, 'Material educativo', 35, 2, 'Carlos Eduardo', 'Carlos Eduardo', '2025-12-05 15:39:53', '2025-12-05 15:39:53'),
(20, 800, 'Películas y entretenimiento', 36, 2, 'Carlos Eduardo', 'Carlos Eduardo', '2025-12-05 15:39:53', '2025-12-05 15:39:53'),
(21, 350, 'Suscripciones digitales', 37, 2, 'Carlos Eduardo', 'Carlos Eduardo', '2025-12-05 15:39:53', '2025-12-05 15:39:53'),
(22, 900, 'Gimnasio', 38, 2, 'Carlos Eduardo', 'Carlos Eduardo', '2025-12-05 15:39:53', '2025-12-05 15:39:53'),
(23, 2000, 'Ropa navideña', 39, 2, 'Carlos Eduardo', 'Carlos Eduardo', '2025-12-05 15:39:53', '2025-12-05 15:39:53'),
(24, 1200, 'Zapatos nuevos', 40, 2, 'Carlos Eduardo', 'Carlos Eduardo', '2025-12-05 15:39:53', '2025-12-05 15:39:53'),
(25, 3500, 'Cuota préstamo banco', 13, 2, 'Carlos Eduardo', 'Carlos Eduardo', '2025-12-05 15:39:53', '2025-12-05 15:39:53'),
(26, 2000, 'Pago tarjeta', 41, 2, 'Carlos Eduardo', 'Carlos Eduardo', '2025-12-05 15:39:53', '2025-12-05 15:39:53'),
(27, 850, 'Seguro mensual', 14, 2, 'Carlos Eduardo', 'Carlos Eduardo', '2025-12-05 15:39:53', '2025-12-05 15:39:53'),
(28, 1500, 'Fondo para imprevistos', 16, 2, 'Carlos Eduardo', 'Carlos Eduardo', '2025-12-05 15:39:53', '2025-12-05 15:39:53'),
(29, 2000, 'Ahorro emergencia', 17, 2, 'Carlos Eduardo', 'Carlos Eduardo', '2025-12-05 15:39:53', '2025-12-05 15:39:53'),
(30, 1000, 'Ahorro para vacaciones', 43, 2, 'Carlos Eduardo', 'Carlos Eduardo', '2025-12-05 15:39:53', '2025-12-05 15:39:53'),
(31, 1000, 'Inversión mensual', 19, 2, 'Carlos Eduardo', 'Carlos Eduardo', '2025-12-05 15:39:53', '2025-12-05 15:39:53'),
(32, 45000, 'Salario mensual base', 1, 1, 'Carlos Eduardo', 'Carlos Eduardo', '2025-12-05 15:39:53', '2025-12-05 15:39:53'),
(33, 8000, 'Alquiler mensual', 5, 1, 'Carlos Eduardo', 'Carlos Eduardo', '2025-12-05 15:39:53', '2025-12-05 15:39:53'),
(34, 800, 'Artículos de limpieza', 25, 1, 'Carlos Eduardo', 'Carlos Eduardo', '2025-12-05 15:39:53', '2025-12-05 15:39:53'),
(35, 1200, 'Factura ENEE', 6, 1, 'Carlos Eduardo', 'Carlos Eduardo', '2025-12-05 15:39:53', '2025-12-05 15:39:53'),
(36, 400, 'Factura SANAA', 6, 1, 'Carlos Eduardo', 'Carlos Eduardo', '2025-12-05 15:39:53', '2025-12-05 15:39:53'),
(37, 600, 'Plan internet hogar', 6, 1, 'Carlos Eduardo', 'Carlos Eduardo', '2025-12-05 15:39:53', '2025-12-05 15:39:53'),
(38, 350, 'Plan móvil', 6, 1, 'Carlos Eduardo', 'Carlos Eduardo', '2025-12-05 15:39:53', '2025-12-05 15:39:53'),
(39, 450, 'Televisión por cable', 26, 1, 'Carlos Eduardo', 'Carlos Eduardo', '2025-12-05 15:39:53', '2025-12-05 15:39:53'),
(40, 6500, 'Compras mensuales', 7, 1, 'Carlos Eduardo', 'Carlos Eduardo', '2025-12-05 15:39:53', '2025-12-05 15:39:53'),
(41, 1500, 'Comidas fuera', 27, 1, 'Carlos Eduardo', 'Carlos Eduardo', '2025-12-05 15:39:53', '2025-12-05 15:39:53'),
(42, 700, 'Fast food ocasional', 28, 1, 'Carlos Eduardo', 'Carlos Eduardo', '2025-12-05 15:39:53', '2025-12-05 15:39:53'),
(43, 2800, 'Gasolina mensual', 8, 1, 'Carlos Eduardo', 'Carlos Eduardo', '2025-12-05 15:39:53', '2025-12-05 15:39:53'),
(44, 400, 'Buses y taxis', 29, 1, 'Carlos Eduardo', 'Carlos Eduardo', '2025-12-05 15:39:53', '2025-12-05 15:39:53'),
(45, 800, 'Mantenimiento básico', 30, 1, 'Carlos Eduardo', 'Carlos Eduardo', '2025-12-05 15:39:53', '2025-12-05 15:39:53'),
(46, 300, 'Parqueos', 31, 1, 'Carlos Eduardo', 'Carlos Eduardo', '2025-12-05 15:39:53', '2025-12-05 15:39:53'),
(47, 600, 'Medicamentos básicos', 9, 1, 'Carlos Eduardo', 'Carlos Eduardo', '2025-12-05 15:39:53', '2025-12-05 15:39:53'),
(48, 500, 'Consulta general', 32, 1, 'Carlos Eduardo', 'Carlos Eduardo', '2025-12-05 15:39:53', '2025-12-05 15:39:53'),
(49, 800, 'Laboratorios inicio año', 33, 1, 'Carlos Eduardo', 'Carlos Eduardo', '2025-12-05 15:39:53', '2025-12-05 15:39:53'),
(50, 2500, 'Pago matrícula', 34, 1, 'Carlos Eduardo', 'Carlos Eduardo', '2025-12-05 15:39:53', '2025-12-05 15:39:53'),
(51, 2000, 'Útiles inicio año', 35, 1, 'Carlos Eduardo', 'Carlos Eduardo', '2025-12-05 15:39:53', '2025-12-05 15:39:53'),
(52, 500, 'Entretenimiento', 36, 1, 'Carlos Eduardo', 'Carlos Eduardo', '2025-12-05 15:39:53', '2025-12-05 15:39:53'),
(53, 350, 'Suscripciones digitales', 37, 1, 'Carlos Eduardo', 'Carlos Eduardo', '2025-12-05 15:39:53', '2025-12-05 15:39:53'),
(54, 900, 'Gimnasio', 38, 1, 'Carlos Eduardo', 'Carlos Eduardo', '2025-12-05 15:39:53', '2025-12-05 15:39:53'),
(55, 1000, 'Ropa básica', 39, 1, 'Carlos Eduardo', 'Carlos Eduardo', '2025-12-05 15:39:53', '2025-12-05 15:39:53'),
(56, 600, 'Calzado', 40, 1, 'Carlos Eduardo', 'Carlos Eduardo', '2025-12-05 15:39:53', '2025-12-05 15:39:53'),
(57, 3500, 'Cuota préstamo banco', 13, 1, 'Carlos Eduardo', 'Carlos Eduardo', '2025-12-05 15:39:53', '2025-12-05 15:39:53'),
(58, 1500, 'Pago tarjeta', 41, 1, 'Carlos Eduardo', 'Carlos Eduardo', '2025-12-05 15:39:53', '2025-12-05 15:39:53'),
(59, 850, 'Seguro mensual', 14, 1, 'Carlos Eduardo', 'Carlos Eduardo', '2025-12-05 15:39:53', '2025-12-05 15:39:53'),
(60, 1200, 'Seguro salud anual', 42, 1, 'Carlos Eduardo', 'Carlos Eduardo', '2025-12-05 15:39:53', '2025-12-05 15:39:53'),
(61, 1000, 'Fondo para imprevistos', 16, 1, 'Carlos Eduardo', 'Carlos Eduardo', '2025-12-05 15:39:53', '2025-12-05 15:39:53'),
(62, 2500, 'Ahorro emergencia', 17, 1, 'Carlos Eduardo', 'Carlos Eduardo', '2025-12-05 15:39:53', '2025-12-05 15:39:53'),
(63, 1500, 'Ahorro para auto', 44, 1, 'Carlos Eduardo', 'Carlos Eduardo', '2025-12-05 15:39:53', '2025-12-05 15:39:53'),
(64, 1000, 'Inversión mensual', 19, 1, 'Carlos Eduardo', 'Carlos Eduardo', '2025-12-05 15:39:53', '2025-12-05 15:39:53');

-- 6. Insertar obligaciones de prueba
INSERT INTO `obligaciones` (`id_obligacion`, `id_usuario`, `id_subcategoria`, `nombre`, `descripcion`, `monto_fijo`, `dia_vencimiento`, `es_vigente`, `fecha_inicio`, `fecha_final`, `creado_por`, `modificado_por`, `creado_en`, `modificado_en`) VALUES
(1, 1, 5, 'Alquiler Casa', 'Pago mensual de Alquiler Casa', 8000, 1, 1, '2024-01-01', NULL, 'Carlos Eduardo', 'Carlos Eduardo', '2025-12-05 15:39:20', '2025-12-05 15:39:20'),
(2, 1, 6, 'Electricidad ENEE', 'Pago mensual de Electricidad ENEE', 1200, 15, 1, '2024-01-01', NULL, 'Carlos Eduardo', 'Carlos Eduardo', '2025-12-05 15:39:20', '2025-12-05 15:39:20'),
(3, 1, 6, 'Agua SANAA', 'Pago mensual de Agua SANAA', 400, 10, 1, '2024-01-01', NULL, 'Carlos Eduardo', 'Carlos Eduardo', '2025-12-05 15:39:20', '2025-12-05 15:39:20'),
(4, 1, 6, 'Internet Tigo', 'Pago mensual de Internet Tigo', 600, 5, 1, '2024-01-01', NULL, 'Carlos Eduardo', 'Carlos Eduardo', '2025-12-05 15:39:20', '2025-12-05 15:39:20'),
(5, 1, 6, 'Teléfono Celular', 'Pago mensual de Teléfono Celular', 350, 8, 1, '2024-01-01', NULL, 'Carlos Eduardo', 'Carlos Eduardo', '2025-12-05 15:39:20', '2025-12-05 15:39:20'),
(6, 1, 13, 'Préstamo Banco Atlántida', 'Pago mensual de Préstamo Banco Atlántida', 3500, 20, 1, '2023-06-01', NULL, 'Carlos Eduardo', 'Carlos Eduardo', '2025-12-05 15:39:20', '2025-12-05 15:39:20'),
(7, 1, 14, 'Seguro ASSA', 'Pago mensual de Seguro ASSA', 850, 25, 1, '2024-01-01', NULL, 'Carlos Eduardo', 'Carlos Eduardo', '2025-12-05 15:39:20', '2025-12-05 15:39:20'),
(8, 1, 26, 'Cable TV Claro', 'Pago mensual de Cable TV Claro', 450, 12, 1, '2024-01-01', NULL, 'Carlos Eduardo', 'Carlos Eduardo', '2025-12-05 15:39:20', '2025-12-05 15:39:20');

-- 7. Insertar metas de ahorro de prueba
INSERT INTO `metas_ahorro` (`id_meta`, `id_usuario`, `id_subcategoria`, `nombre`, `descripcion`, `monto_meta`, `monto_ahorrado`, `fecha_inicio`, `fecha_objetivo`, `prioridad`, `estado`, `creado_por`, `modificado_por`, `creado_en`, `modificado_en`) VALUES
(1, 1, 17, 'Fondo de Emergencia', 'Crear un fondo de emergencia equivalente a 6 meses de gastos', 120000, 25000, '2024-06-01', '2025-12-31', 'alta', 'en_progreso', 'Carlos Eduardo', 'Carlos Eduardo', '2025-12-05 15:41:45', '2025-12-05 15:41:45'),
(2, 1, 43, 'Vacaciones Playa', 'Ahorro para vacaciones familiares en Roatán', 30000, 8500, '2024-09-01', '2025-06-30', 'media', 'en_progreso', 'Carlos Eduardo', 'Carlos Eduardo', '2025-12-05 15:41:45', '2025-12-05 15:41:45'),
(3, 1, 44, 'Compra de Vehículo', 'Ahorrar para inicial de vehículo usado', 80000, 12000, '2024-08-01', '2026-08-01', 'alta', 'en_progreso', 'Carlos Eduardo', 'Carlos Eduardo', '2025-12-05 15:41:45', '2025-12-05 15:41:45'),
(4, 1, 19, 'Laptop Nueva', 'Comprar laptop para trabajo', 25000, 25000, '2024-01-01', '2024-11-30', 'media', 'completada', 'Carlos Eduardo', 'Carlos Eduardo', '2025-12-05 15:41:45', '2025-12-05 15:41:45'),
(5, 1, 45, 'Casa Propia', 'Ahorro a largo plazo para compra de casa', 500000, 35000, '2023-01-01', '2028-12-31', 'alta', 'en_progreso', 'Carlos Eduardo', 'Carlos Eduardo', '2025-12-05 15:41:45', '2025-12-05 15:41:45');

-- 8. Insertar transacciones de prueba
INSERT INTO `transacciones` (`id_transaccion`, `id_presupuesto`, `id_usuario`, `id_subcategoria`, `id_obligacion`, `anio_transaccion`, `mes_transaccion`, `tipo_transaccion`, `descripcion`, `monto`, `fecha_transaccion`, `metodo_pago`, `numero_factura`, `comentarios_extra`, `fecha_hora_registro`, `creado_por`, `modificado_por`, `creado_en`, `modificado_en`) VALUES
(1, 2, 1, 1, NULL, 2024, 12, 'ingreso', 'Salario mensual diciembre 2024', 45000, '2024-12-01', 'transferencia', 1000, NULL, '2024-12-01 07:09:00', 'Carlos Eduardo', 'Carlos Eduardo', '2025-12-05 15:40:40', '2025-12-05 15:40:40'),
(2, 2, 1, 21, NULL, 2024, 12, 'ingreso', 'Bono navideño empresa', 3500, '2024-12-15', 'transferencia', 1001, NULL, '2024-12-15 15:30:00', 'Carlos Eduardo', 'Carlos Eduardo', '2025-12-05 15:40:40', '2025-12-05 15:40:40'),
(3, 2, 1, 5, 1, 2024, 12, 'gasto', 'Pago Alquiler Casa - Diciembre 2024', 8000, '2024-12-01', 'transferencia', 1002, NULL, '2024-12-01 08:52:00', 'Carlos Eduardo', 'Carlos Eduardo', '2025-12-05 15:40:40', '2025-12-05 15:40:40'),
(4, 2, 1, 6, 2, 2024, 12, 'gasto', 'Pago Electricidad ENEE - Diciembre 2024', 1200, '2024-12-15', 'transferencia', 1003, NULL, '2024-12-15 08:44:00', 'Carlos Eduardo', 'Carlos Eduardo', '2025-12-05 15:40:40', '2025-12-05 15:40:40'),
(5, 2, 1, 6, 3, 2024, 12, 'gasto', 'Pago Agua SANAA - Diciembre 2024', 400, '2024-12-10', 'transferencia', 1004, NULL, '2024-12-10 14:46:00', 'Carlos Eduardo', 'Carlos Eduardo', '2025-12-05 15:40:40', '2025-12-05 15:40:40'),
(6, 2, 1, 6, 4, 2024, 12, 'gasto', 'Pago Internet Tigo - Diciembre 2024', 600, '2024-12-04', 'transferencia', 1005, NULL, '2024-12-04 09:56:00', 'Carlos Eduardo', 'Carlos Eduardo', '2025-12-05 15:40:40', '2025-12-05 15:40:40'),
(7, 2, 1, 6, 5, 2024, 12, 'gasto', 'Pago Teléfono Celular - Diciembre 2024', 350, '2024-12-09', 'transferencia', 1006, NULL, '2024-12-09 17:04:00', 'Carlos Eduardo', 'Carlos Eduardo', '2025-12-05 15:40:40', '2025-12-05 15:40:40'),
(8, 2, 1, 13, 6, 2024, 12, 'gasto', 'Pago Préstamo Banco Atlántida - Diciembre 2024', 3500, '2024-12-19', 'transferencia', 1007, NULL, '2024-12-19 09:51:00', 'Carlos Eduardo', 'Carlos Eduardo', '2025-12-05 15:40:40', '2025-12-05 15:40:40'),
(9, 2, 1, 14, 7, 2024, 12, 'gasto', 'Pago Seguro ASSA - Diciembre 2024', 850, '2024-12-26', 'transferencia', 1008, NULL, '2024-12-26 18:33:00', 'Carlos Eduardo', 'Carlos Eduardo', '2025-12-05 15:40:40', '2025-12-05 15:40:40'),
(10, 2, 1, 26, 8, 2024, 12, 'gasto', 'Pago Cable TV Claro - Diciembre 2024', 450, '2024-12-11', 'transferencia', 1009, NULL, '2024-12-11 10:16:00', 'Carlos Eduardo', 'Carlos Eduardo', '2025-12-05 15:40:40', '2025-12-05 15:40:40'),
(11, 2, 1, 7, NULL, 2024, 12, 'gasto', 'Compras supermercado', 577.88, '2024-12-02', 'tarjeta_debito', 1010, NULL, '2024-12-02 16:37:00', 'Carlos Eduardo', 'Carlos Eduardo', '2025-12-05 15:40:40', '2025-12-05 15:40:40'),
(12, 2, 1, 27, NULL, 2024, 12, 'gasto', 'Comida restaurante', 259.51, '2024-12-04', 'efectivo', 1011, NULL, '2024-12-04 15:15:00', 'Carlos Eduardo', 'Carlos Eduardo', '2025-12-05 15:40:40', '2025-12-05 15:40:40'),
(13, 2, 1, 28, NULL, 2024, 12, 'gasto', 'Fast food', 67.56, '2024-12-07', 'efectivo', 1012, NULL, '2024-12-07 18:27:00', 'Carlos Eduardo', 'Carlos Eduardo', '2025-12-05 15:40:40', '2025-12-05 15:40:40'),
(14, 2, 1, 7, NULL, 2024, 12, 'gasto', 'Compras supermercado', 595, '2024-12-09', 'tarjeta_debito', 1013, NULL, '2024-12-09 20:51:00', 'Carlos Eduardo', 'Carlos Eduardo', '2025-12-05 15:40:40', '2025-12-05 15:40:40'),
(15, 2, 1, 27, NULL, 2024, 12, 'gasto', 'Comida restaurante', 269.25, '2024-12-11', 'tarjeta_debito', 1014, NULL, '2024-12-11 08:46:00', 'Carlos Eduardo', 'Carlos Eduardo', '2025-12-05 15:40:40', '2025-12-05 15:40:40'),
(16, 2, 1, 28, NULL, 2024, 12, 'gasto', 'Fast food', 62.81, '2024-12-13', 'efectivo', 1015, NULL, '2024-12-13 18:04:00', 'Carlos Eduardo', 'Carlos Eduardo', '2025-12-05 15:40:40', '2025-12-05 15:40:40'),
(17, 2, 1, 7, NULL, 2024, 12, 'gasto', 'Compras supermercado', 635.54, '2024-12-15', 'efectivo', 1016, NULL, '2024-12-15 12:59:00', 'Carlos Eduardo', 'Carlos Eduardo', '2025-12-05 15:40:40', '2025-12-05 15:40:40'),
(18, 2, 1, 27, NULL, 2024, 12, 'gasto', 'Comida restaurante', 241.23, '2024-12-17', 'transferencia', 1017, NULL, '2024-12-17 12:12:00', 'Carlos Eduardo', 'Carlos Eduardo', '2025-12-05 15:40:40', '2025-12-05 15:40:40'),
(19, 2, 1, 28, NULL, 2024, 12, 'gasto', 'Fast food', 77.39, '2024-12-19', 'efectivo', 1018, NULL, '2024-12-19 07:01:00', 'Carlos Eduardo', 'Carlos Eduardo', '2025-12-05 15:40:40', '2025-12-05 15:40:40'),
(20, 2, 1, 7, NULL, 2024, 12, 'gasto', 'Compras supermercado', 604.04, '2024-12-21', 'transferencia', 1019, NULL, '2024-12-21 19:23:00', 'Carlos Eduardo', 'Carlos Eduardo', '2025-12-05 15:40:40', '2025-12-05 15:40:40'),
(21, 2, 1, 27, NULL, 2024, 12, 'gasto', 'Comida restaurante', 278.25, '2024-12-23', 'tarjeta_debito', 1020, NULL, '2024-12-23 11:03:00', 'Carlos Eduardo', 'Carlos Eduardo', '2025-12-05 15:40:40', '2025-12-05 15:40:40'),
(22, 2, 1, 28, NULL, 2024, 12, 'gasto', 'Fast food', 72.04, '2024-12-26', 'efectivo', 1021, NULL, '2024-12-26 10:24:00', 'Carlos Eduardo', 'Carlos Eduardo', '2025-12-05 15:40:40', '2025-12-05 15:40:40'),
(23, 2, 1, 7, NULL, 2024, 12, 'gasto', 'Compras supermercado', 524.36, '2024-12-28', 'tarjeta_credito', 1022, NULL, '2024-12-28 12:39:00', 'Carlos Eduardo', 'Carlos Eduardo', '2025-12-05 15:40:40', '2025-12-05 15:40:40'),
(24, 2, 1, 27, NULL, 2024, 12, 'gasto', 'Comida restaurante', 273.48, '2024-12-30', 'tarjeta_debito', 1023, NULL, '2024-12-30 07:28:00', 'Carlos Eduardo', 'Carlos Eduardo', '2025-12-05 15:40:40', '2025-12-05 15:40:40'),
(25, 2, 1, 8, NULL, 2024, 12, 'gasto', 'Gasolina', 361.09, '2024-12-03', 'transferencia', 1024, NULL, '2024-12-03 11:20:00', 'Carlos Eduardo', 'Carlos Eduardo', '2025-12-05 15:40:40', '2025-12-05 15:40:40'),
(26, 2, 1, 8, NULL, 2024, 12, 'gasto', 'Gasolina', 445.72, '2024-12-06', 'efectivo', 1025, NULL, '2024-12-06 20:53:00', 'Carlos Eduardo', 'Carlos Eduardo', '2025-12-05 15:40:40', '2025-12-05 15:40:40'),
(27, 2, 1, 8, NULL, 2024, 12, 'gasto', 'Gasolina', 415.81, '2024-12-10', 'tarjeta_credito', 1026, NULL, '2024-12-10 08:31:00', 'Carlos Eduardo', 'Carlos Eduardo', '2025-12-05 15:40:40', '2025-12-05 15:40:40'),
(28, 2, 1, 8, NULL, 2024, 12, 'gasto', 'Gasolina', 351.43, '2024-12-14', 'tarjeta_credito', 1027, NULL, '2024-12-14 08:18:00', 'Carlos Eduardo', 'Carlos Eduardo', '2025-12-05 15:40:40', '2025-12-05 15:40:40'),
(29, 2, 1, 8, NULL, 2024, 12, 'gasto', 'Gasolina', 444.46, '2024-12-18', 'tarjeta_credito', 1028, NULL, '2024-12-18 13:28:00', 'Carlos Eduardo', 'Carlos Eduardo', '2025-12-05 15:40:40', '2025-12-05 15:40:40'),
(30, 2, 1, 8, NULL, 2024, 12, 'gasto', 'Gasolina', 411.15, '2024-12-22', 'tarjeta_debito', 1029, NULL, '2024-12-22 19:18:00', 'Carlos Eduardo', 'Carlos Eduardo', '2025-12-05 15:40:40', '2025-12-05 15:40:40'),
(31, 2, 1, 8, NULL, 2024, 12, 'gasto', 'Gasolina', 351.46, '2024-12-26', 'efectivo', 1030, NULL, '2024-12-26 07:49:00', 'Carlos Eduardo', 'Carlos Eduardo', '2025-12-05 15:40:40', '2025-12-05 15:40:40'),
(32, 2, 1, 8, NULL, 2024, 12, 'gasto', 'Gasolina', 439.64, '2024-12-29', 'tarjeta_credito', 1031, NULL, '2024-12-29 11:57:00', 'Carlos Eduardo', 'Carlos Eduardo', '2025-12-05 15:40:40', '2025-12-05 15:40:40'),
(33, 2, 1, 29, NULL, 2024, 12, 'gasto', 'Taxi/Bus', 86.94, '2024-12-05', 'efectivo', 1032, NULL, '2024-12-05 11:11:00', 'Carlos Eduardo', 'Carlos Eduardo', '2025-12-05 15:40:40', '2025-12-05 15:40:40'),
(34, 2, 1, 29, NULL, 2024, 12, 'gasto', 'Taxi/Bus', 87.67, '2024-12-08', 'efectivo', 1033, NULL, '2024-12-08 15:12:00', 'Carlos Eduardo', 'Carlos Eduardo', '2025-12-05 15:40:40', '2025-12-05 15:40:40'),
(35, 2, 1, 29, NULL, 2024, 12, 'gasto', 'Taxi/Bus', 91.23, '2024-12-12', 'efectivo', 1034, NULL, '2024-12-12 19:05:00', 'Carlos Eduardo', 'Carlos Eduardo', '2025-12-05 15:40:40', '2025-12-05 15:40:40'),
(36, 2, 1, 29, NULL, 2024, 12, 'gasto', 'Taxi/Bus', 85.02, '2024-12-16', 'efectivo', 1035, NULL, '2024-12-16 14:02:00', 'Carlos Eduardo', 'Carlos Eduardo', '2025-12-05 15:40:40', '2025-12-05 15:40:40'),
(37, 2, 1, 29, NULL, 2024, 12, 'gasto', 'Taxi/Bus', 88.64, '2024-12-20', 'efectivo', 1036, NULL, '2024-12-20 12:09:00', 'Carlos Eduardo', 'Carlos Eduardo', '2025-12-05 15:40:40', '2025-12-05 15:40:40'),
(38, 2, 1, 29, NULL, 2024, 12, 'gasto', 'Taxi/Bus', 94.6, '2024-12-24', 'efectivo', 1037, NULL, '2024-12-24 19:48:00', 'Carlos Eduardo', 'Carlos Eduardo', '2025-12-05 15:40:40', '2025-12-05 15:40:40'),
(39, 2, 1, 9, NULL, 2024, 12, 'gasto', 'Medicamentos farmacia', 450, '2024-12-10', 'tarjeta_debito', 1038, NULL, '2024-12-10 13:43:00', 'Carlos Eduardo', 'Carlos Eduardo', '2025-12-05 15:40:40', '2025-12-05 15:40:40'),
(40, 2, 1, 32, NULL, 2024, 12, 'gasto', 'Consulta médica general', 600, '2024-12-18', 'efectivo', 1039, NULL, '2024-12-18 18:50:00', 'Carlos Eduardo', 'Carlos Eduardo', '2025-12-05 15:40:40', '2025-12-05 15:40:40'),
(41, 2, 1, 9, NULL, 2024, 12, 'gasto', 'Medicamentos emergencia', 380, '2024-12-27', 'tarjeta_credito', 1040, NULL, '2024-12-27 14:31:00', 'Carlos Eduardo', 'Carlos Eduardo', '2025-12-05 15:40:40', '2025-12-05 15:40:40'),
(42, 2, 1, 36, NULL, 2024, 12, 'gasto', 'Cine familiar', 350, '2024-12-07', 'tarjeta_debito', 1041, NULL, '2024-12-07 15:12:00', 'Carlos Eduardo', 'Carlos Eduardo', '2025-12-05 15:40:40', '2025-12-05 15:40:40'),
(43, 2, 1, 36, NULL, 2024, 12, 'gasto', 'Cine', 280, '2024-12-14', 'efectivo', 1042, NULL, '2024-12-14 15:33:00', 'Carlos Eduardo', 'Carlos Eduardo', '2025-12-05 15:40:40', '2025-12-05 15:40:40'),
(44, 2, 1, 36, NULL, 2024, 12, 'gasto', 'Cine navideño', 400, '2024-12-21', 'tarjeta_credito', 1043, NULL, '2024-12-21 12:41:00', 'Carlos Eduardo', 'Carlos Eduardo', '2025-12-05 15:40:40', '2025-12-05 15:40:40'),
(45, 2, 1, 37, NULL, 2024, 12, 'gasto', 'Netflix + Spotify mensual', 350, '2024-12-01', 'tarjeta_credito', 1044, NULL, '2024-12-01 16:45:00', 'Carlos Eduardo', 'Carlos Eduardo', '2025-12-05 15:40:40', '2025-12-05 15:40:40'),
(46, 2, 1, 38, NULL, 2024, 12, 'gasto', 'Mensualidad gimnasio', 900, '2024-12-05', 'transferencia', 1045, NULL, '2024-12-05 11:57:00', 'Carlos Eduardo', 'Carlos Eduardo', '2025-12-05 15:40:40', '2025-12-05 15:40:40'),
(47, 2, 1, 39, NULL, 2024, 12, 'gasto', 'Ropa navidad', 850, '2024-12-08', 'tarjeta_credito', 1046, NULL, '2024-12-08 08:35:00', 'Carlos Eduardo', 'Carlos Eduardo', '2025-12-05 15:40:40', '2025-12-05 15:40:40'),
(48, 2, 1, 39, NULL, 2024, 12, 'gasto', 'Compras navideñas', 1200, '2024-12-15', 'tarjeta_credito', 1047, NULL, '2024-12-15 14:28:00', 'Carlos Eduardo', 'Carlos Eduardo', '2025-12-05 15:40:40', '2025-12-05 15:40:40'),
(49, 2, 1, 40, NULL, 2024, 12, 'gasto', 'Zapatos nuevos', 1350, '2024-12-18', 'tarjeta_debito', 1048, NULL, '2024-12-18 11:19:00', 'Carlos Eduardo', 'Carlos Eduardo', '2025-12-05 15:40:40', '2025-12-05 15:40:40'),
(50, 2, 1, 30, NULL, 2024, 12, 'gasto', 'Cambio de aceite y filtros', 1800, '2024-12-11', 'tarjeta_debito', 1049, NULL, '2024-12-11 16:14:00', 'Carlos Eduardo', 'Carlos Eduardo', '2025-12-05 15:40:40', '2025-12-05 15:40:40'),
(51, 2, 1, 31, NULL, 2024, 12, 'gasto', 'Parqueos varios', 320, '2024-12-20', 'efectivo', 1050, NULL, '2024-12-20 08:53:00', 'Carlos Eduardo', 'Carlos Eduardo', '2025-12-05 15:40:40', '2025-12-05 15:40:40'),
(52, 2, 1, 35, NULL, 2024, 12, 'gasto', 'Útiles escolares', 1800, '2024-12-05', 'tarjeta_debito', 1051, NULL, '2024-12-05 08:34:00', 'Carlos Eduardo', 'Carlos Eduardo', '2025-12-05 15:40:40', '2025-12-05 15:40:40'),
(53, 2, 1, 25, NULL, 2024, 12, 'gasto', 'Productos limpieza', 580, '2024-12-06', 'efectivo', 1052, NULL, '2024-12-06 19:38:00', 'Carlos Eduardo', 'Carlos Eduardo', '2025-12-05 15:40:40', '2025-12-05 15:40:40'),
(54, 2, 1, 25, NULL, 2024, 12, 'gasto', 'Decoración navideña', 750, '2024-12-19', 'tarjeta_credito', 1053, NULL, '2024-12-19 17:17:00', 'Carlos Eduardo', 'Carlos Eduardo', '2025-12-05 15:40:40', '2025-12-05 15:40:40'),
(55, 2, 1, 16, NULL, 2024, 12, 'gasto', 'Reparación urgente', 850, '2024-12-13', 'efectivo', 1054, NULL, '2024-12-13 19:27:00', 'Carlos Eduardo', 'Carlos Eduardo', '2025-12-05 15:40:40', '2025-12-05 15:40:40'),
(56, 2, 1, 16, NULL, 2024, 12, 'gasto', 'Gasto imprevisto', 620, '2024-12-28', 'tarjeta_debito', 1055, NULL, '2024-12-28 11:06:00', 'Carlos Eduardo', 'Carlos Eduardo', '2025-12-05 15:40:40', '2025-12-05 15:40:40'),
(57, 2, 1, 17, NULL, 2024, 12, 'ahorro', 'Ahorro mensual emergencia', 2000, '2024-12-02', 'transferencia', 1056, NULL, '2024-12-02 12:27:00', 'Carlos Eduardo', 'Carlos Eduardo', '2025-12-05 15:40:40', '2025-12-05 15:40:40'),
(58, 2, 1, 43, NULL, 2024, 12, 'ahorro', 'Ahorro para vacaciones', 1000, '2024-12-10', 'transferencia', 1057, NULL, '2024-12-10 10:47:00', 'Carlos Eduardo', 'Carlos Eduardo', '2025-12-05 15:40:40', '2025-12-05 15:40:40'),
(59, 2, 1, 19, NULL, 2024, 12, 'ahorro', 'Inversión mensual', 1200, '2024-12-15', 'transferencia', 1058, NULL, '2024-12-15 16:17:00', 'Carlos Eduardo', 'Carlos Eduardo', '2025-12-05 15:40:40', '2025-12-05 15:40:40'),
(60, 1, 1, 1, NULL, 2025, 1, 'ingreso', 'Salario mensual enero 2025', 45000, '2025-01-02', 'transferencia', 2000, NULL, '2025-01-02 18:23:00', 'Carlos Eduardo', 'Carlos Eduardo', '2025-12-05 15:41:19', '2025-12-05 15:41:19'),
(61, 1, 1, 5, 1, 2025, 1, 'gasto', 'Pago Alquiler Casa - Enero 2025', 8000, '2025-01-01', 'transferencia', 2001, NULL, '2025-01-01 20:51:00', 'Carlos Eduardo', 'Carlos Eduardo', '2025-12-05 15:41:19', '2025-12-05 15:41:19'),
(62, 1, 1, 6, 2, 2025, 1, 'gasto', 'Pago Electricidad ENEE - Enero 2025', 1200, '2025-01-16', 'transferencia', 2002, NULL, '2025-01-16 09:06:00', 'Carlos Eduardo', 'Carlos Eduardo', '2025-12-05 15:41:19', '2025-12-05 15:41:19'),
(63, 1, 1, 6, 3, 2025, 1, 'gasto', 'Pago Agua SANAA - Enero 2025', 400, '2025-01-09', 'transferencia', 2003, NULL, '2025-01-09 07:33:00', 'Carlos Eduardo', 'Carlos Eduardo', '2025-12-05 15:41:19', '2025-12-05 15:41:19'),
(64, 1, 1, 6, 4, 2025, 1, 'gasto', 'Pago Internet Tigo - Enero 2025', 600, '2025-01-04', 'transferencia', 2004, NULL, '2025-01-04 08:35:00', 'Carlos Eduardo', 'Carlos Eduardo', '2025-12-05 15:41:19', '2025-12-05 15:41:19'),
(65, 1, 1, 6, 5, 2025, 1, 'gasto', 'Pago Teléfono Celular - Enero 2025', 350, '2025-01-09', 'transferencia', 2005, NULL, '2025-01-09 14:50:00', 'Carlos Eduardo', 'Carlos Eduardo', '2025-12-05 15:41:19', '2025-12-05 15:41:19'),
(66, 1, 1, 13, 6, 2025, 1, 'gasto', 'Pago Préstamo Banco Atlántida - Enero 2025', 3500, '2025-01-19', 'transferencia', 2006, NULL, '2025-01-19 10:17:00', 'Carlos Eduardo', 'Carlos Eduardo', '2025-12-05 15:41:19', '2025-12-05 15:41:19'),
(67, 1, 1, 14, 7, 2025, 1, 'gasto', 'Pago Seguro ASSA - Enero 2025', 850, '2025-01-24', 'transferencia', 2007, NULL, '2025-01-24 20:32:00', 'Carlos Eduardo', 'Carlos Eduardo', '2025-12-05 15:41:19', '2025-12-05 15:41:19'),
(68, 1, 1, 26, 8, 2025, 1, 'gasto', 'Pago Cable TV Claro - Enero 2025', 450, '2025-01-11', 'transferencia', 2008, NULL, '2025-01-11 14:59:00', 'Carlos Eduardo', 'Carlos Eduardo', '2025-12-05 15:41:19', '2025-12-05 15:41:19'),
(69, 1, 1, 7, NULL, 2025, 1, 'gasto', 'Compras supermercado', 545.56, '2025-01-03', 'efectivo', 2009, NULL, '2025-01-03 09:11:00', 'Carlos Eduardo', 'Carlos Eduardo', '2025-12-05 15:41:19', '2025-12-05 15:41:19'),
(70, 1, 1, 27, NULL, 2025, 1, 'gasto', 'Comida restaurante', 151.48, '2025-01-05', 'efectivo', 2010, NULL, '2025-01-05 11:29:00', 'Carlos Eduardo', 'Carlos Eduardo', '2025-12-05 15:41:19', '2025-12-05 15:41:19'),
(71, 1, 1, 28, NULL, 2025, 1, 'gasto', 'Fast food', 65.51, '2025-01-08', 'efectivo', 2011, NULL, '2025-01-08 09:12:00', 'Carlos Eduardo', 'Carlos Eduardo', '2025-12-05 15:41:19', '2025-12-05 15:41:19'),
(72, 1, 1, 7, NULL, 2025, 1, 'gasto', 'Compras supermercado', 504.93, '2025-01-10', 'efectivo', 2012, NULL, '2025-01-10 08:01:00', 'Carlos Eduardo', 'Carlos Eduardo', '2025-12-05 15:41:19', '2025-12-05 15:41:19'),
(73, 1, 1, 27, NULL, 2025, 1, 'gasto', 'Comida restaurante', 144.95, '2025-01-13', 'transferencia', 2013, NULL, '2025-01-13 12:58:00', 'Carlos Eduardo', 'Carlos Eduardo', '2025-12-05 15:41:19', '2025-12-05 15:41:19'),
(74, 1, 1, 28, NULL, 2025, 1, 'gasto', 'Fast food', 82.6, '2025-01-16', 'efectivo', 2014, NULL, '2025-01-16 16:12:00', 'Carlos Eduardo', 'Carlos Eduardo', '2025-12-05 15:41:19', '2025-12-05 15:41:19'),
(75, 1, 1, 7, NULL, 2025, 1, 'gasto', 'Compras supermercado', 433.21, '2025-01-18', 'tarjeta_debito', 2015, NULL, '2025-01-18 10:08:00', 'Carlos Eduardo', 'Carlos Eduardo', '2025-12-05 15:41:19', '2025-12-05 15:41:19'),
(76, 1, 1, 27, NULL, 2025, 1, 'gasto', 'Comida restaurante', 163.35, '2025-01-21', 'transferencia', 2016, NULL, '2025-01-21 13:39:00', 'Carlos Eduardo', 'Carlos Eduardo', '2025-12-05 15:41:19', '2025-12-05 15:41:19'),
(77, 1, 1, 28, NULL, 2025, 1, 'gasto', 'Fast food', 75.19, '2025-01-24', 'efectivo', 2017, NULL, '2025-01-24 14:23:00', 'Carlos Eduardo', 'Carlos Eduardo', '2025-12-05 15:41:19', '2025-12-05 15:41:19'),
(78, 1, 1, 7, NULL, 2025, 1, 'gasto', 'Compras supermercado', 610.59, '2025-01-27', 'tarjeta_credito', 2018, NULL, '2025-01-27 09:54:00', 'Carlos Eduardo', 'Carlos Eduardo', '2025-12-05 15:41:19', '2025-12-05 15:41:19'),
(79, 1, 1, 27, NULL, 2025, 1, 'gasto', 'Comida restaurante', 179.91, '2025-01-29', 'tarjeta_debito', 2019, NULL, '2025-01-29 12:03:00', 'Carlos Eduardo', 'Carlos Eduardo', '2025-12-05 15:41:19', '2025-12-05 15:41:19'),
(80, 1, 1, 28, NULL, 2025, 1, 'gasto', 'Fast food', 63.62, '2025-01-31', 'efectivo', 2020, NULL, '2025-01-31 18:26:00', 'Carlos Eduardo', 'Carlos Eduardo', '2025-12-05 15:41:19', '2025-12-05 15:41:19'),
(81, 1, 1, 8, NULL, 2025, 1, 'gasto', 'Gasolina', 388.9, '2025-01-04', 'tarjeta_credito', 2021, NULL, '2025-01-04 07:12:00', 'Carlos Eduardo', 'Carlos Eduardo', '2025-12-05 15:41:19', '2025-12-05 15:41:19'),
(82, 1, 1, 8, NULL, 2025, 1, 'gasto', 'Gasolina', 381.31, '2025-01-08', 'transferencia', 2022, NULL, '2025-01-08 17:00:00', 'Carlos Eduardo', 'Carlos Eduardo', '2025-12-05 15:41:19', '2025-12-05 15:41:19'),
(83, 1, 1, 8, NULL, 2025, 1, 'gasto', 'Gasolina', 337.2, '2025-01-12', 'tarjeta_credito', 2023, NULL, '2025-01-12 18:21:00', 'Carlos Eduardo', 'Carlos Eduardo', '2025-12-05 15:41:19', '2025-12-05 15:41:19'),
(84, 1, 1, 8, NULL, 2025, 1, 'gasto', 'Gasolina', 360.04, '2025-01-16', 'transferencia', 2024, NULL, '2025-01-16 10:21:00', 'Carlos Eduardo', 'Carlos Eduardo', '2025-12-05 15:41:19', '2025-12-05 15:41:19'),
(85, 1, 1, 8, NULL, 2025, 1, 'gasto', 'Gasolina', 412.24, '2025-01-20', 'tarjeta_debito', 2025, NULL, '2025-01-20 18:02:00', 'Carlos Eduardo', 'Carlos Eduardo', '2025-12-05 15:41:19', '2025-12-05 15:41:19'),
(86, 1, 1, 8, NULL, 2025, 1, 'gasto', 'Gasolina', 415.85, '2025-01-25', 'efectivo', 2026, NULL, '2025-01-25 10:09:00', 'Carlos Eduardo', 'Carlos Eduardo', '2025-12-05 15:41:19', '2025-12-05 15:41:19'),
(87, 1, 1, 8, NULL, 2025, 1, 'gasto', 'Gasolina', 410.97, '2025-01-30', 'efectivo', 2027, NULL, '2025-01-30 13:46:00', 'Carlos Eduardo', 'Carlos Eduardo', '2025-12-05 15:41:19', '2025-12-05 15:41:19'),
(88, 1, 1, 29, NULL, 2025, 1, 'gasto', 'Taxi/Bus', 67.16, '2025-01-06', 'efectivo', 2028, NULL, '2025-01-06 12:00:00', 'Carlos Eduardo', 'Carlos Eduardo', '2025-12-05 15:41:19', '2025-12-05 15:41:19'),
(89, 1, 1, 29, NULL, 2025, 1, 'gasto', 'Taxi/Bus', 72.98, '2025-01-11', 'efectivo', 2029, NULL, '2025-01-11 15:39:00', 'Carlos Eduardo', 'Carlos Eduardo', '2025-12-05 15:41:19', '2025-12-05 15:41:19'),
(90, 1, 1, 29, NULL, 2025, 1, 'gasto', 'Taxi/Bus', 68.26, '2025-01-15', 'efectivo', 2030, NULL, '2025-01-15 11:31:00', 'Carlos Eduardo', 'Carlos Eduardo', '2025-12-05 15:41:19', '2025-12-05 15:41:19'),
(91, 1, 1, 29, NULL, 2025, 1, 'gasto', 'Taxi/Bus', 73.3, '2025-01-22', 'efectivo', 2031, NULL, '2025-01-22 11:00:00', 'Carlos Eduardo', 'Carlos Eduardo', '2025-12-05 15:41:19', '2025-12-05 15:41:19'),
(92, 1, 1, 29, NULL, 2025, 1, 'gasto', 'Taxi/Bus', 66.23, '2025-01-28', 'efectivo', 2032, NULL, '2025-01-28 17:35:00', 'Carlos Eduardo', 'Carlos Eduardo', '2025-12-05 15:41:19', '2025-12-05 15:41:19'),
(93, 1, 1, 9, NULL, 2025, 1, 'gasto', 'Medicamentos farmacia', 380, '2025-01-09', 'tarjeta_debito', 2033, NULL, '2025-01-09 08:53:00', 'Carlos Eduardo', 'Carlos Eduardo', '2025-12-05 15:41:19', '2025-12-05 15:41:19'),
(94, 1, 1, 32, NULL, 2025, 1, 'gasto', 'Chequeo médico anual', 550, '2025-01-14', 'tarjeta_debito', 2034, NULL, '2025-01-14 16:15:00', 'Carlos Eduardo', 'Carlos Eduardo', '2025-12-05 15:41:19', '2025-12-05 15:41:19'),
(95, 1, 1, 33, NULL, 2025, 1, 'gasto', 'Exámenes laboratorio', 850, '2025-01-17', 'tarjeta_credito', 2035, NULL, '2025-01-17 13:44:00', 'Carlos Eduardo', 'Carlos Eduardo', '2025-12-05 15:41:19', '2025-12-05 15:41:19'),
(96, 1, 1, 9, NULL, 2025, 1, 'gasto', 'Medicamentos recetados', 280, '2025-01-26', 'efectivo', 2036, NULL, '2025-01-26 16:17:00', 'Carlos Eduardo', 'Carlos Eduardo', '2025-12-05 15:41:19', '2025-12-05 15:41:19'),
(97, 1, 1, 36, NULL, 2025, 1, 'gasto', 'Cine fin de semana', 280, '2025-01-11', 'tarjeta_debito', 2037, NULL, '2025-01-11 12:49:00', 'Carlos Eduardo', 'Carlos Eduardo', '2025-12-05 15:41:19', '2025-12-05 15:41:19'),
(98, 1, 1, 36, NULL, 2025, 1, 'gasto', 'Cine familiar', 320, '2025-01-25', 'efectivo', 2038, NULL, '2025-01-25 13:49:00', 'Carlos Eduardo', 'Carlos Eduardo', '2025-12-05 15:41:19', '2025-12-05 15:41:19'),
(99, 1, 1, 37, NULL, 2025, 1, 'gasto', 'Suscripciones digitales', 350, '2025-01-01', 'tarjeta_credito', 2039, NULL, '2025-01-01 19:46:00', 'Carlos Eduardo', 'Carlos Eduardo', '2025-12-05 15:41:19', '2025-12-05 15:41:19'),
(100, 1, 1, 38, NULL, 2025, 1, 'gasto', 'Mensualidad gimnasio', 900, '2025-01-07', 'transferencia', 2040, NULL, '2025-01-07 15:05:00', 'Carlos Eduardo', 'Carlos Eduardo', '2025-12-05 15:41:19', '2025-12-05 15:41:19'),
(101, 1, 1, 39, NULL, 2025, 1, 'gasto', 'Ropa básica', 680, '2025-01-12', 'tarjeta_debito', 2041, NULL, '2025-01-12 19:14:00', 'Carlos Eduardo', 'Carlos Eduardo', '2025-12-05 15:41:19', '2025-12-05 15:41:19'),
(102, 1, 1, 39, NULL, 2025, 1, 'gasto', 'Compra ropa trabajo', 520, '2025-01-23', 'tarjeta_credito', 2042, NULL, '2025-01-23 14:09:00', 'Carlos Eduardo', 'Carlos Eduardo', '2025-12-05 15:41:19', '2025-12-05 15:41:19'),
(103, 1, 1, 40, NULL, 2025, 1, 'gasto', 'Zapatos deportivos', 750, '2025-01-19', 'tarjeta_debito', 2043, NULL, '2025-01-19 11:41:00', 'Carlos Eduardo', 'Carlos Eduardo', '2025-12-05 15:41:19', '2025-12-05 15:41:19'),
(104, 1, 1, 30, NULL, 2025, 1, 'gasto', 'Revisión general', 950, '2025-01-15', 'tarjeta_debito', 2044, NULL, '2025-01-15 08:38:00', 'Carlos Eduardo', 'Carlos Eduardo', '2025-12-05 15:41:19', '2025-12-05 15:41:19'),
(105, 1, 1, 31, NULL, 2025, 1, 'gasto', 'Parqueos', 280, '2025-01-27', 'efectivo', 2045, NULL, '2025-01-27 14:47:00', 'Carlos Eduardo', 'Carlos Eduardo', '2025-12-05 15:41:19', '2025-12-05 15:41:19'),
(106, 1, 1, 34, NULL, 2025, 1, 'gasto', 'Matrícula escolar', 2500, '2025-01-06', 'transferencia', 2046, NULL, '2025-01-06 08:03:00', 'Carlos Eduardo', 'Carlos Eduardo', '2025-12-05 15:41:19', '2025-12-05 15:41:19'),
(107, 1, 1, 35, NULL, 2025, 1, 'gasto', 'Útiles escolares', 1250, '2025-01-08', 'tarjeta_credito', 2047, NULL, '2025-01-08 08:56:00', 'Carlos Eduardo', 'Carlos Eduardo', '2025-12-05 15:41:19', '2025-12-05 15:41:19'),
(108, 1, 1, 35, NULL, 2025, 1, 'gasto', 'Material educativo adicional', 980, '2025-01-13', 'tarjeta_debito', 2048, NULL, '2025-01-13 18:56:00', 'Carlos Eduardo', 'Carlos Eduardo', '2025-12-05 15:41:19', '2025-12-05 15:41:19'),
(109, 1, 1, 25, NULL, 2025, 1, 'gasto', 'Productos limpieza', 480, '2025-01-07', 'efectivo', 2049, NULL, '2025-01-07 07:19:00', 'Carlos Eduardo', 'Carlos Eduardo', '2025-12-05 15:41:19', '2025-12-05 15:41:19'),
(110, 1, 1, 25, NULL, 2025, 1, 'gasto', 'Artículos hogar', 550, '2025-01-21', 'tarjeta_debito', 2050, NULL, '2025-01-21 19:03:00', 'Carlos Eduardo', 'Carlos Eduardo', '2025-12-05 15:41:19', '2025-12-05 15:41:19'),
(111, 1, 1, 42, NULL, 2025, 1, 'gasto', 'Seguro médico anual', 1200, '2025-01-10', 'transferencia', 2051, NULL, '2025-01-10 09:50:00', 'Carlos Eduardo', 'Carlos Eduardo', '2025-12-05 15:41:19', '2025-12-05 15:41:19'),
(112, 1, 1, 16, NULL, 2025, 1, 'gasto', 'Gasto imprevisto', 680, '2025-01-18', 'tarjeta_debito', 2052, NULL, '2025-01-18 20:36:00', 'Carlos Eduardo', 'Carlos Eduardo', '2025-12-05 15:41:19', '2025-12-05 15:41:19'),
(113, 1, 1, 16, NULL, 2025, 1, 'gasto', 'Reparación urgente', 520, '2025-01-29', 'efectivo', 2053, NULL, '2025-01-29 07:04:00', 'Carlos Eduardo', 'Carlos Eduardo', '2025-12-05 15:41:19', '2025-12-05 15:41:19'),
(114, 1, 1, 17, NULL, 2025, 1, 'ahorro', 'Ahorro mensual emergencia', 2500, '2025-01-03', 'transferencia', 2054, NULL, '2025-01-03 15:56:00', 'Carlos Eduardo', 'Carlos Eduardo', '2025-12-05 15:41:19', '2025-12-05 15:41:19'),
(115, 1, 1, 44, NULL, 2025, 1, 'ahorro', 'Ahorro para compra auto', 1800, '2025-01-14', 'transferencia', 2055, NULL, '2025-01-14 13:49:00', 'Carlos Eduardo', 'Carlos Eduardo', '2025-12-05 15:41:19', '2025-12-05 15:41:19'),
(116, 1, 1, 19, NULL, 2025, 1, 'ahorro', 'Inversión mensual', 1000, '2025-01-20', 'transferencia', 2056, NULL, '2025-01-20 11:57:00', 'Carlos Eduardo', 'Carlos Eduardo', '2025-12-05 15:41:19', '2025-12-05 15:41:19');
